{"IcoMoonType":"selection","icons":[{"icon":{"paths":["M128.429 469.762c-23.327 23.328-23.327 61.148 0 84.477l380.141 380.14c23.327 23.328 61.148 23.328 84.475 0 23.328-23.327 23.328-61.148 0-84.475l-337.901-337.903 337.901-337.903c23.328-23.327 23.328-61.148 0-84.476-23.327-23.327-61.148-23.327-84.475 0l-380.141 380.14zM1877.333 452.267h-1706.667v119.467h1706.667v-119.467z"],"attrs":[{}],"width":1877,"isMulticolor":false,"isMulticolor2":false,"grid":0,"tags":["arrow-left"]},"attrs":[{}],"properties":{"order":2,"id":1,"name":"arrow-left","prevSize":32,"code":59649},"setIdx":0,"setId":2,"iconIdx":0},{"icon":{"paths":["M1748.907 554.238c23.33-23.328 23.33-61.148 0-84.477l-380.143-380.14c-23.327-23.327-61.148-23.327-84.475 0-23.328 23.327-23.328 61.149 0 84.476l337.901 337.903-337.901 337.903c-23.328 23.327-23.328 61.148 0 84.475 23.327 23.328 61.148 23.328 84.475 0l380.143-380.14zM0 571.733h1706.667v-119.467h-1706.667v119.467z"],"width":1877,"attrs":[{}],"isMulticolor":false,"isMulticolor2":false,"tags":["arrow-right"],"grid":0},"attrs":[{}],"properties":{"order":2,"id":0,"name":"arrow-right","prevSize":32,"code":59648},"setIdx":0,"setId":2,"iconIdx":1}],"height":1024,"metadata":{"name":"icomoon"},"preferences":{"showGlyphs":true,"showQuickUse":true,"showQuickUse2":true,"showSVGs":true,"fontPref":{"prefix":"icon-","metadata":{"fontFamily":"icomoon"},"metrics":{"emSize":1024,"baseline":6.25,"whitespace":50},"embed":false},"imagePref":{"prefix":"icon-","png":true,"useClassSelector":true,"color":0,"bgColor":16777215,"classSelector":".icon"},"historySize":50,"showCodes":true,"gridSize":16}}